id_estudiante,dni,nrolibreta,nombre,apellido,edad,genero,ciudad
1,81561944,510399,Martyn,Huckabe,36,m,Hodošan
2,66481896,169842,Keary,Larman,41,m,Bagroy
3,61682432,819408,Ingrim,Alwen,59,m,Kaiyuan
4,11474301,280790,Chandler,Handrok,60,m,Comodoro Rivadavia
5,54776249,175673,Rozina,Bruun,19,m,Čakovec
6,25781956,258688,Evan,Grayham,33,m,Złotoryja
7,41655132,159097,Martainn,Dunthorne,20,m,Solec Nad Wisłą
8,24194553,759361,Morie,Maric,18,m,Boca Raton
9,19818406,770426,Agata,Luten,50,m,Bungu
10,58694836,335830,Annabelle,Mannock,53,m,Korçë
11,96221323,675114,Cher,MacCrann,31,m,Takasaki
12,59791804,032731,Cathrin,Pringuer,56,m,Kuvshinovo
13,14950043,569264,Wynn,Molines,58,m,Brwinów
14,71763414,160489,Brandy,Guild,50,m,Pitalito
15,79616002,927825,Aaron,Norquoy,34,m,Las Palmas
16,47838428,822103,Webster,Clail,62,m,Kłomnice
17,16081181,968974,Corbin,Yude,20,m,Richmond
18,74075050,447565,Darnell,Ghiroldi,60,m,Bor
19,12167989,025920,Vyky,Matsell,42,m,Pajo
20,99836471,618051,Louise,Darley,47,m,Xiashan
21,82713190,495242,Justis,Deighton,52,m,Huangshagang
22,84533426,936165,Halsy,Luetkemeyer,18,m,Jalasenga
23,21974320,424670,Meagan,Fuidge,30,m,Serpukhov
24,16110793,147833,Pincas,Losemann,57,m,Barão de São Miguel
25,78901961,109992,Yasmeen,Beevens,29,m,Kačanik
26,44930292,088574,Melita,Botger,55,m,Barão de Cocais
27,26308227,671669,Fidelity,Chandlar,52,m,Serra Talhada
28,05452385,586479,Gordan,Carrett,46,m,Marolambo
29,54071139,173543,Curr,Drever,31,m,Myhiya
30,33592767,772339,Lesley,Belcham,54,m,Santiago de los Caballeros
31,58162103,837061,Hillary,Birkenhead,28,m,Sacsamarca
32,11605025,399873,Eda,Haet,50,m,Vacha
33,07555648,905576,Marisa,Chafer,44,m,Lirung
34,35104867,346803,Bryant,Ouver,55,m,Марино
35,50590146,898670,Murdock,Wibrow,20,m,Abengourou
36,81259147,851772,Wenonah,Nacci,25,m,Xiaohe
37,92937321,199220,Tabby,De Bruyn,35,m,Tarkastad
38,00828517,098411,Suki,Epperson,25,m,Baoshan
39,12278957,520446,Noella,Sandars,62,m,Myshkin
40,23547557,310056,Julian,Auten,34,m,Arvika
41,61578923,025654,Inez,Genever,41,m,Kigoma
42,64130866,022530,Arly,Goadsby,42,m,Gunung
43,22337951,907926,Antonina,Pont,43,m,Pajapita
44,95167511,090495,Essie,Mcsarry,40,m,Jingzhou
45,75018449,024203,Jordan,Ferraraccio,61,m,Iniö
46,05035047,048265,Josee,Linch,62,m,Qila Abdullāh
47,75898138,610775,Berry,Hollow,27,m,Podivín
48,91889995,198895,Broderic,Blackford,23,m,Nyima
49,25056005,500409,Verina,O'Shaughnessy,41,m,Tukbur
50,15938833,669381,Kirbie,Corkett,28,m,Badajoz
51,80945154,206425,Ash,Shord,40,m,Nikol’skoye
52,36414809,430942,Una,Arnopp,23,m,Dole
53,89534604,194443,Charil,Brasher,60,m,Kamieniec Wrocławski
54,33471805,804242,Lee,Eaglen,46,m,Shangdundu
55,32011828,280256,Lucais,Devlin,20,m,Conceição do Araguaia
56,75163916,457732,Alair,Okie,29,m,Karbinci
57,27244167,871536,Tiffany,Stearn,45,m,Shreveport
58,47750918,729364,Cristy,Bacchus,25,m,Bokhan
59,10252348,814890,Tish,Haugen,60,m,Nam Som
60,41353757,709620,Adorne,Newsome,44,m,Huayuan
61,12944877,503870,Boot,Tremollet,55,m,Jablah
62,34533008,484608,Celestia,Vanshin,43,m,Zuogaiduoma
63,11227614,418380,Jilleen,Shird,59,m,Licheng
64,52463423,804676,Ellissa,Wehden,51,m,Pasarnangka
65,14716987,221598,Philis,Elder,61,m,Rancabuaya
66,70275458,268906,Sisely,Willcocks,25,m,Non Suwan
67,16246126,053101,Mack,Chicotti,34,m,Menongue
68,08902856,663895,Rudie,O'Rudden,49,m,Datong
69,94465830,672894,Leonie,Danson,45,m,Fonte do Feto
70,44474254,634766,Corenda,Beeze,33,m,Amuñgan
71,95424883,592041,Thebault,Banaszewski,51,m,Rizal
72,71506671,502394,Sonnnie,Reeme,54,m,Punta Gorda
73,91686804,221579,Leda,Attfield,46,m,Toledo
74,78605759,794994,Torrance,Squirrell,32,m,Mollās̄ānī
75,81751054,947831,Willi,Alexandrescu,32,m,Kudirkos Naumiestis
76,96896261,242503,Kirstin,Linch,36,m,Nularan
77,15063772,039715,Janos,Klimes,20,m,Vesele
78,90637810,955378,Averill,Perrinchief,57,m,Dengfang
79,97806438,360857,Henrie,Vallow,37,m,Maddarulug Norte
80,15879450,542684,Gray,Petris,46,m,Lainqu
81,35767597,265144,Donella,Deavall,23,m,Rizal
82,50934157,728476,Esra,Burdon,39,m,Portela
83,95102858,234452,Teressa,MacTrustram,53,m,Hongqi
84,11357152,034901,Mag,Pfeffle,48,m,Chaowai
85,40329304,575438,Rosa,Goacher,53,m,Aliaga
86,55399492,525400,Marlow,Tandey,57,m,Carpentras
87,33493868,729385,Marcella,Gorstidge,50,m,Bolilao
88,62287935,123528,Thomas,Pescod,46,m,São Pedro Gafanhoeira
89,62266640,799922,Allene,Straffon,55,m,Bihoro
90,77004158,001809,Julieta,Duffer,61,m,Voznesen’ye
91,42094171,849058,Daryn,Abdee,54,m,Granada
92,65747620,668173,Audra,Kershow,58,m,Golomunta
93,26119576,437459,Gregoor,Blagbrough,49,m,Madison
94,68232433,609281,Agnola,Folkes,28,m,Salento
95,18416180,597464,Lynnelle,Buck,51,m,Andir
96,54260006,770680,Margi,Ferrero,18,m,Phanat Nikhom
97,44292381,043530,Brewster,Scarbarrow,42,m,Krasne
98,10409867,012690,Hermie,Lazenby,27,m,Tabatinga
99,15155292,864631,Paten,Hughf,19,m,Raojān
100,32196420,022510,Joyann,Grenville,25,m,Vailoa
101,04349566,216661,Tye,O'Ferris,35,m,Douentza
102,72055136,575363,Nellie,Glenny,54,m,Buchou
103,78960067,527064,Alain,Breddy,29,m,Zhajin
104,22594484,157030,Birdie,Safe,25,m,Aix-en-Provence
105,27018029,702659,Christean,Mowat,28,m,Tancheng
106,77535483,931553,Brina,Aymes,38,m,Klang
107,77142108,099504,Arne,Cassell,26,m,Luotuo
108,54086810,120718,Dotty,Piesold,34,m,Bendosari
109,32196648,991365,Duky,Champerlen,57,m,Binabaan
110,58047036,387338,Fairfax,Isaacson,25,m,Valka
111,92584759,243957,Cassie,Spinas,61,m,Hongch’ŏn
112,15107099,412157,Reinhard,Genicke,25,m,Heze
113,52134392,060755,Kyle,Syphus,18,m,Youngstown
114,16704413,084626,Jenine,Sangra,40,m,Lulindi
115,94303592,768905,Bevvy,Glanz,27,m,Tiznit
116,34478921,462388,Carolee,Root,21,m,Noebana
117,13182083,899469,Berni,Ferry,51,m,Anshun
118,79163348,798955,Maryellen,Brayne,18,m,Maqiu
119,84066766,466591,Anatola,Doddemeade,31,m,Lymanske
120,31181872,135305,Dominic,Lenaghen,34,m,Crateús
121,58154656,673891,Deana,Sine,32,m,Lunas
122,36727319,699446,Hyacinthe,Couronne,58,m,Batulayang
123,25752295,603431,Shannan,Byng,54,m,Guadalupe
124,81679241,432745,Emiline,Ager,62,m,Taihe
125,07415762,411178,Vite,Konerding,33,m,Papetoai
126,40725049,599888,Glenn,Greggor,45,m,Banjar Anyar
127,80079164,313595,Arvin,Schukert,57,m,Pimentel
128,28031954,307036,Fanchette,Wicklin,60,m,Laascaanood
129,94385181,036139,Palmer,Kemp,32,m,Farnham
130,51818451,735297,Caria,Grevatt,36,m,Gajiram
131,09241257,360449,Nicko,Gilhouley,28,m,Indramayu
132,78454366,138975,Ardine,Soanes,45,m,Krông Kmar
133,09235260,725581,Elenore,Sherston,46,m,San Juan
134,35594607,910259,Virgilio,Danielsson,43,m,Koton Karifi
135,06162880,069039,Teressa,Ixer,47,m,Tugu
136,98584313,588688,Orren,McDavid,22,m,Janeng
137,81039673,202095,Vernice,Haylor,29,m,Sang-e Māshah
138,87420311,726724,Aluino,Godain,41,m,Valença
139,32840662,495149,Ali,Rebeiro,34,m,Launceston
140,83498053,566093,Cordula,Samuels,21,m,Tangpu
141,09518348,924525,Giffer,Treagus,18,m,Chinú
142,53312922,090608,Harry,Di Pietro,56,m,Hongde
143,83107384,615772,Chadd,Trowl,48,m,Koani Ndogo
144,42454591,427011,Nettle,Wayper,57,m,Lapuyan
145,24223150,307786,Travers,Grishin,44,m,Oropós
146,58217005,725439,Rurik,Beadel,37,m,Mamer
147,74510386,509880,Chelsea,Urrey,45,m,Cabeçudos
148,74657486,155709,Ignace,Huntley,50,m,Cikai
149,62496652,470371,Laurence,Ruspine,53,m,Ndago
150,75177643,526976,Teodora,Danilewicz,27,m,Donostia-San Sebastian
151,49515558,444946,Lynnette,Harsant,56,m,Ise
152,76562572,254410,Jacquelyn,Allsup,59,m,Niedercorn
153,21762538,384745,Fernandina,Ortiga,53,m,Kapakabisa
154,86964950,891009,Josefina,Winn,29,m,Navotas
155,30957140,853313,Isaak,Offiler,62,m,Nikolayevsk
156,81907939,470652,Hamnet,Martlew,54,m,Garupá
157,15412851,733839,Janeta,Sentance,42,m,Xo’jayli Shahri
158,38175029,202804,Idalia,Jendrassik,39,m,Sukhinichi
159,80614713,096317,Chrissy,Valintine,19,m,Bozhou
160,26287884,799155,Elvis,Sisneros,41,m,Tajao
161,53748823,817589,Alfons,Scholler,51,m,Jiupu
162,87663329,988005,Kristo,Borne,36,m,Youkaichi
163,51420397,900308,Desiri,Kimbury,45,m,Puutuga
164,75918434,666115,Adriano,Dizlie,59,m,Barat
165,68940169,675694,Nilson,Thurner,27,m,Angoulême
166,84102952,649529,Shanie,MacGaffey,56,m,Panjiang
167,38661688,292845,Willi,Bussetti,32,m,Dubovka
168,37597485,729107,Pieter,Callender,30,m,Jiabei
169,88897737,720587,Valina,Gasson,53,m,Apostolove
170,51414566,655045,Codie,Ranns,45,m,Velyka Pysarivka
171,68373106,731389,Karalynn,Bugdell,50,m,Kalāt-e Nāderī
172,08824836,624243,Adan,DeSousa,33,m,Oujiangcha
173,62164391,895923,Halette,Ramel,33,m,El Hatillo
174,16008913,900786,Valeria,Matelaitis,43,m,Zhangjiawan
175,08984803,397894,Fairleigh,Ivons,38,m,Kumbo
176,65638341,163623,Tanney,Raxworthy,27,m,Ustupo
177,94999523,015587,Kalindi,O'Kelly,51,m,Nankou
178,96851735,726316,Rikki,Dosdell,19,m,Changping
179,67382473,815764,Nanine,Stollenbecker,25,m,Chřibská
180,17024784,083364,Gerome,Tissell,46,m,Denton
181,88885386,888262,Jeniffer,Duchasteau,18,m,Krajan Baru
182,77423305,232619,Norah,Nordass,26,m,Vilar
183,41998952,065850,Obie,Scaife,45,m,Kelo
184,44044724,615804,Lodovico,Ickovicz,62,m,Sabang
185,92279458,410499,Rudiger,McCartney,49,m,Xinmatou
186,54318352,310330,Helen-elizabeth,Peele,61,m,Murganhal
187,80542916,012360,Ashton,Chainey,34,m,Solna
188,61810963,425400,Rene,Reinhard,19,m,Longhua
189,26299484,092779,Grantley,Simukov,45,m,Ōiso
190,83709385,622893,Pattin,Ambrosoli,46,m,Nixi
191,57239725,453692,Boot,O'Canavan,26,m,Xinglong
192,58962449,210456,Opalina,Napolione,20,m,Guaimaca
193,66089347,713573,Rand,Dries,46,m,Al Jubayhah
194,83173942,642973,Basile,Jeremaes,58,m,Murcki
195,62093682,395217,Fianna,Bresner,27,m,Sośno
196,47746680,818379,Melamie,Hammill,32,m,San Diego
197,39689403,206192,Gillie,Beardshall,52,m,Negotino
198,12135692,561418,Lenard,Gregh,23,m,Benito Juarez
199,72285609,138114,Nev,Studdard,35,m,Lluchubamba
200,98760649,353113,Merwin,Ceschini,36,m,Varva
201,82513298,795792,Cyndie,Fritschmann,55,m,Boka
202,18572341,216571,Abbey,Duffitt,42,m,Shreveport
203,83090140,307848,Rozanna,Newick,62,m,Comal
204,92720633,162740,Rockwell,Hintze,60,m,Paninggaran
205,49330829,469079,Jolynn,Wigmore,59,m,Tver
206,49634233,084502,Nert,Sears,28,m,Takahashi
207,79882916,034265,Junina,Whyberd,25,m,Bankaw
208,44788843,787612,Gardie,Kensit,19,m,Épinal
209,84538986,100477,Freddi,Straniero,18,m,Conqueiros
210,04021731,557770,Allyn,Trelease,49,m,Santol
211,34976230,298291,Emmye,Ownsworth,60,m,Prioso Barat
212,29367879,464088,Katha,Spurier,49,m,Dopang
213,82805471,432829,Ardenia,Monelli,22,m,Hradec Králové
214,93922968,310591,Emilio,Haseley,32,m,Nancaicun
215,15696142,851755,Marcel,Josephov,56,m,Manuel Roxas
216,26014868,826193,Ripley,Orcas,43,m,Penelas
217,84674041,031623,Ulises,Ching,32,m,Ostroróg
218,85791958,455055,Emily,Beckham,46,m,Leskovec pri Krškem
219,66764401,876931,Zita,Fritchley,36,m,Mirny
220,99067300,532049,Corabella,Tures,20,m,Tenggun Dajah
221,84982235,775738,Lucho,Bourcq,47,m,Stari Grad
222,36880840,799599,Norah,Sheehan,43,m,Linköping
223,87147388,435350,Monro,Evill,41,m,Nikolayevka
224,26599500,339337,Charlton,Lebbern,57,m,Skurup
225,05608165,447446,Albie,Stenton,34,m,Amahusu
226,70498741,097211,Netty,Jeppensen,54,m,Venda do Valador
227,38919419,236373,Demeter,Duran,39,m,Rueil-Malmaison
228,39764305,262356,Wilhelmina,Kraut,46,m,Kavajë
229,79879246,783112,Ileane,Trencher,25,m,Hobart
230,80861645,880227,Nat,Gostling,57,m,Dębno
231,31429436,978964,Etti,Bellefonte,37,m,Shebalino
232,74410942,869520,Marie-jeanne,Growcock,30,m,Jindaoxia
233,78631375,500301,Genny,Claydon,44,m,Šenkovec
234,98956699,222951,Rutter,Hillborne,30,m,Ongjin
235,71854799,197441,Loralyn,Giraldo,41,m,Chenyangzhai
236,88035921,637061,Marcile,Clipson,61,m,Triwil
237,02797675,370550,Llywellyn,Humpherson,27,m,Wenshang
238,41210704,273154,Janey,Vaz,60,m,Sîr ed Danniyé
239,14057493,560771,Raphaela,Chappel,38,m,Abóboda
240,40717031,236392,Alfred,Anchor,46,m,Suzhou
241,47036241,394937,Bartel,Spradbery,40,m,Staritsa
242,19037476,837712,Minnaminnie,Hargrave,62,m,Kotakan Selatan
243,33140392,669523,Phip,Broadwell,28,m,Odintsovo
244,77639688,739230,Anatollo,Turk,35,m,San Vicente
245,82720713,106956,Christa,Stonhard,29,m,Osby
246,61965753,188619,Lorenza,Cruddace,18,m,Guyancourt
247,49010167,009093,Veradis,Bolitho,39,m,Liuzikou
248,19941005,359876,Vito,McDermot,41,m,Maputsoe
249,31306547,465782,Eleanora,Brettle,59,m,Frýdek-Místek
250,12853671,134413,Rosalind,Silvester,24,m,Sarajevo
251,57836400,564649,Colan,Wentworth,62,m,Falefa
252,83725179,685788,Vasili,Blenkin,32,m,Inicbulan
253,50869919,295970,Janek,Leyshon,20,m,Zarasai
254,17498842,693760,Erhart,Dimic,31,m,Tongyu
255,18827810,724724,Wendeline,Redler,44,m,Qiqian
256,33625217,997186,Pauly,Arnholdt,54,m,Mporokoso
257,58862869,619061,Fedora,Dudney,52,m,Newala Kisimani
258,48554111,864248,Teodor,Quick,56,m,Caála
259,11483433,194899,Sully,Farrants,62,m,Atouguia
260,09454703,292510,Jervis,Goodey,30,m,Beigang
261,83615690,479589,Darcy,Pilger,54,m,Pedro II
262,60392446,797077,Wilhelmine,Braddon,31,m,Alannay
263,80769699,197602,Gilberto,Fawcett,23,m,Nagrak
264,08702868,769399,Lian,Cullabine,55,m,Banjar Dauhpangkung
265,56154142,912407,Viole,Friary,33,m,Mindupok
266,99534199,327998,Ilaire,Duffill,24,m,Rabāţ-e Sangī-ye Pā’īn
267,89213812,305160,Wilbert,Strawbridge,53,m,Liwale
268,89802752,093998,Lynnette,O'Hagirtie,39,m,Longzhong
269,70628258,622350,Ambrosi,Pavlata,34,m,Setonokalong
270,37648802,711769,Ugo,Piniur,42,m,Serra
271,99330201,199220,Guendolen,Franzoli,27,m,Gongpo
272,85597663,831977,Cleopatra,Andrzejowski,41,m,Krajan Dermawuharjo
273,44100272,796107,Elwood,Tesche,20,m,Al Ḩudaydah
274,70700888,492971,Chandler,Hofton,32,m,Nanxing
275,88128659,213250,Gottfried,Seamen,27,m,Jasper Park Lodge
276,87784977,208051,Dewain,Charrisson,41,m,San Isidro
277,52862450,342787,Florina,Minghella,47,m,Guandiping
278,51507610,789920,Seline,Claussen,59,m,Hedao
279,01860888,771268,Brandon,Leacock,42,m,Dongyuan
280,51436116,199136,Shanan,Fillgate,62,m,Pražmo
281,55193031,822484,Alex,Nalder,31,m,Ribaldeira
282,62044702,985943,Hagen,Mosby,48,m,Changping
283,18207934,393573,Yoshi,Wagstaff,62,m,Usab
284,58864971,855397,Odetta,Halden,61,m,Karengan
285,46106855,532834,Antons,Deverose,60,m,Maño
286,46586894,902625,Delilah,Taffs,29,m,La Ceja
287,92365160,461378,Peta,Pulham,33,m,Arendal
288,76114113,663526,Barnie,Cornew,18,m,Shanlian
289,31093290,566845,Clio,O' Loughran,62,m,Kansas City
290,88472571,177996,Elianora,Gravestone,20,m,La Bélgica
291,92055999,852135,Amandi,Demer,20,m,Karakol
292,12692686,351171,Henka,Martschik,39,m,Lac La Biche
293,78884442,565952,Danielle,Kavanagh,26,m,Krutinka
294,16851669,479925,Elliot,Willans,52,m,Langkaplancar
295,61523189,375728,Cookie,Rosenqvist,32,m,Nam Khun
296,66582353,748392,Grissel,Tweddell,29,m,Los Frentones
297,60484018,020788,Jillana,Nottle,36,m,Changping
298,57876965,584596,Bennie,Ambler,50,m,Doong
299,52460786,763939,Laurianne,Flowers,30,m,Loutrá
300,25343156,162159,Lucine,Orehead,55,m,Bagrāmī
301,54261605,175914,Maddy,McCaster,62,m,Yantang
302,85014211,281705,Brucie,Oehm,53,m,Ipauçu
303,69420861,899477,Ericha,Frobisher,27,m,Sosnovka
304,03877689,434494,Maurizia,Spilling,62,m,Kruševac
305,98880403,504997,Illa,Ecob,21,m,Kasina Wielka
306,20204244,888960,Grenville,Spelling,20,m,Maputsoe
307,56840022,373056,Dion,Prevost,43,m,Chifeng
308,21564951,083781,Shepherd,McRinn,45,m,Donghe
309,61298979,552417,Jacinta,Hurlin,43,m,Chengxi
310,89735524,157948,Terrijo,Turton,54,m,Two Hills
311,92101849,092002,Klemens,Rosone,60,m,Wan’an
312,39449367,470738,Charmine,Huyhton,36,m,Fushan
313,82414901,804836,Trixi,Jelk,32,m,Cikawung
314,91664077,318708,Caspar,Jarrelt,62,m,Shilovo
315,08802448,925948,Elvira,Iacovides,58,m,Borok
316,83748198,521229,Agnella,Overstreet,34,m,"Palmas De Gran Canaria, Las"
317,94144239,762304,Elyse,McKeon,47,m,Samoljica
318,87975223,407545,Merilyn,Gerritzen,51,m,Dukuhsawah
319,29298071,771627,Nehemiah,Free,33,m,Diancun
320,00138195,091661,Ansel,Simmens,27,m,Myślenice
321,52164375,994989,Garik,Ollet,26,m,Pulo
322,23905054,513576,Janaya,Dodle,52,m,Altanbulag
323,49469335,427958,Valaria,Peat,40,m,Villa Nueva
324,47253034,722236,Sabrina,Ledrane,51,m,Shatian
325,00378156,349199,Quentin,Seeley,45,m,Vil’nyans’k
326,77448157,627464,Elnora,Hallowes,47,m,Jocotenango
327,52170696,576352,Genevieve,Redwall,29,m,Trinidad
328,83384090,151000,Luisa,Chazelle,47,m,Opechenskiy Posad
329,49458860,486941,Janel,Kennaway,33,m,Qingjiangqiao
330,85893076,922648,Katlin,Whapples,59,m,Örnsköldsvik
331,73930169,856786,Lydie,Hambleton,48,m,Katori-shi
332,94021563,940174,Sula,Lillistone,45,m,Sława
333,72813778,153484,Corena,Wasling,47,m,Västerhaninge
334,32446138,452223,Hamlen,Saffin,27,m,Paris 17
335,92159426,327239,Lucian,Jeannenet,61,m,Del Rosario
336,24480687,098097,Pier,Huke,29,m,Siparia
337,53874108,482686,Hi,Fawks,24,m,Velingrad
338,54085452,703656,Kattie,Burchall,18,m,Dieppe
339,14030380,148916,Culver,Tomenson,25,m,Budapest
340,23774771,375127,Mack,Mingus,37,m,La Cruz
341,28091711,068408,Tony,Burd,34,m,Oncativo
342,76221388,486837,Darline,Skerratt,34,m,San Cristóbal
343,09675305,360481,Ellwood,Sunner,54,m,Mrgavan
344,09381385,090000,Karie,Duddan,32,m,Krajan
345,66210395,990858,Wilma,Grishakin,51,m,Zhaocun
346,05838238,119305,Vlad,Hogsden,40,m,Izumiōtsu
347,65048090,518964,Teddi,Dineen,34,m,Mata
348,00570056,145283,Sibella,Berrick,34,m,Sérifos
349,03601424,891068,Davita,Trubshawe,44,m,Orlândia
350,98885072,294451,Omero,Coling,46,m,Luanda
351,91350325,223710,June,Morgan,61,m,Canindé
352,66586090,203306,Curran,Brammall,21,m,Xiaotao
353,18567716,912855,Cassandra,Volonte,55,m,Mercier
354,01656739,908425,Ashlee,Hynard,24,m,Tuapse
355,77970799,097116,Reilly,Thurstan,46,m,Lugouqiao
356,23607889,195131,Annissa,Jansik,31,m,Plataran
357,75527403,581980,Hortense,Robardey,24,m,Lichengdao
358,81326626,449599,Jordan,Kingsnod,61,m,Shreveport
359,78628409,555249,Herb,Lummus,31,m,Riosucio
360,75194454,477037,Yolanda,Wrout,23,m,Sosnovka
361,32712764,393298,Janelle,Dunkerley,50,m,Borås
362,56982916,391529,Kelcie,Ickovitz,58,m,Mamuša
363,98103455,133533,Vinny,Brose,41,m,Düsseldorf
364,38253952,157008,Sancho,Rosenkrantz,40,m,Nor Yerznka
365,07702199,198172,Colet,Dudlestone,28,m,Nong Bua
366,81883800,045911,Nert,Wasbrough,39,m,Chinchaypujio
367,32635887,256497,Bird,Mathivat,22,m,Guankou
368,36024376,525358,Louis,Pinks,59,m,Al Qanāyāt
369,57377668,380855,Vince,Tesyro,36,m,Klinan
370,86940125,526800,Moshe,Brace,22,m,Ouahigouya
371,91898114,984218,Gottfried,Mathias,24,m,Envigado
372,06083192,864955,Rog,Mulrooney,40,m,Geldrop
373,53326767,390663,Nissie,Greening,19,m,Bohdalov
374,49230142,342657,Alexa,Dissman,34,m,Plagiári
375,65562670,983124,Andris,Beaufoy,24,m,Odiong
376,12715707,362937,Clarie,Dougliss,34,m,Makuyuni
377,58970094,330618,Tobe,Eickhoff,42,m,Sukatani
378,53982818,599506,Luelle,Brigginshaw,24,m,Viline
379,63490589,311864,Michaella,Saben,31,m,Juan L. Lacaze
380,11436958,218821,Cris,Crebbin,25,m,Bobigny
381,96409248,352162,Vaughn,Lepoidevin,46,m,Xiashe
382,07174833,531016,Halsey,Drust,22,m,Viloco
383,51368302,231799,Minnnie,Janata,47,m,Hisai
384,65767487,968857,Dyana,Pretsell,58,m,Rudnichnyy
385,87068918,455724,Cherrita,Merrick,41,m,Zevgolateió
386,20147310,647804,Reinhard,Abbie,18,m,Leština
387,83601800,804891,Hobart,Oakden,49,m,Albi
388,03856831,388399,Amber,Hughs,62,m,Cleveland
389,41089649,844487,Dede,Rodders,40,m,Tulungrejo
390,41482411,960041,Brittani,Biscomb,30,m,Talca
391,56278751,327211,Devina,Simm,24,m,Vodňany
392,23520689,882625,Gavin,De la Yglesia,26,m,Sa Bot
393,44134557,130560,Donny,Crocker,25,m,Agualote
394,92226695,647886,Bennett,Grimm,45,m,Tertek
395,30274932,972032,Lance,Wabb,47,m,Nîmes
396,43746404,355006,Chrissie,McComiskie,42,m,Gozdowo
397,34813084,653190,Rowena,Heeks,39,m,Huangxikou
398,44196660,726209,Jaquelin,Leuty,18,m,Thị Trấn Lâm
399,81811732,084094,Elka,Trighton,51,m,Zhigulevsk
400,84884399,192457,Lucas,Hughesdon,58,m,Zhougao
401,24338821,980858,Petronella,Pachmann,51,m,Fagatogo
402,70276049,881948,Rickey,Callum,23,m,Urachiche
403,84855893,993932,Gavrielle,Bolmann,38,m,Mozi
404,77184574,793244,Almira,Shuttell,39,m,Badu
405,08559601,923230,Kameko,Beadell,52,m,Dongyuan
406,90884727,833296,Lowrance,Wycherley,22,m,Zimovniki
407,79620883,685443,Seumas,Aust,45,m,Galle
408,05421822,756294,Riordan,Cooley,47,m,Casal Velho
409,93420634,385300,Fabian,Domenicone,33,m,Bressuire
410,99649077,747656,Emlyn,Sebrook,25,m,Karengan
411,77108778,404918,Lu,Bettenay,62,m,Pontian
412,16719853,100486,Greta,Union,47,m,Hodošan
413,46325981,975952,Angelia,Tribble,50,m,Kotanopan
414,35429236,684896,Tommie,Gartell,60,m,Chenfangji
415,69267280,050942,Fey,Degnen,55,m,Adassil
416,14600947,351337,Emmanuel,Musslewhite,45,m,Nawal
417,03749695,339627,Inigo,Harses,31,m,Novovolyns’k
418,64751395,411397,Opalina,Innocent,44,m,San Isidro
419,46521706,443951,Lea,Deam,42,m,Tembol
420,59200064,530754,Tomasina,Martinot,58,m,Zliten
421,07106615,995730,Wanda,Barter,59,m,Fengtai Chengguanzhen
422,28028824,580677,Reese,Dobbing,57,m,Kiryū
423,05427257,135429,Randie,McClaren,52,m,Uberlândia
424,23915149,727392,Yalonda,Voase,19,m,Crauthem
425,53338476,797232,Yankee,Bront,41,m,Teuva
426,47146462,172699,Peria,Alaway,45,m,Windsor
427,48031886,933521,Skipper,Surgenor,22,m,Tiouli
428,33605357,681406,Candace,Janus,56,m,Yengiawat
429,43865536,882218,Matti,Wyld,44,m,Gunungsari
430,98036487,818471,Borg,Luppitt,40,m,Zárkos
431,67268100,673920,Zachary,Keble,37,m,Yanshan
432,87343831,943518,Lars,Abels,30,m,Tuusniemi
433,08862800,843287,Dosi,Cragell,56,m,Sale
434,83423529,190879,Bobbette,Halsted,28,m,Bąków
435,09074816,011164,Sid,Boothe,62,m,Tebon
436,10093774,554243,Jenna,Lealle,34,m,Soutocico
437,29274372,374185,Corey,Etty,48,m,Mapiripán
438,72683982,783275,Molly,O'Cannovane,18,m,Paipu
439,01268806,282378,Chas,Pennings,23,m,Göteborg
440,42823807,454387,Kara,Haslock(e),32,m,Replot
441,94386827,194920,Giulio,Bunce,47,m,Oenpeotnai
442,82532145,482220,Coletta,Pennetta,22,m,Goiânia
443,18741565,336885,Buiron,Frewer,27,m,Xiaocun
444,33120666,267128,Leroy,Ewart,41,m,Rouen
445,31979227,126936,Marti,Tootal,42,m,Ciechanowiec
446,19414695,425918,Tull,Alcalde,18,m,Halton
447,76678644,549142,Ignatius,Gounet,50,m,Rustāq
448,72166645,387725,Tracey,McGuinley,40,m,Longxing
449,53904351,840160,Eldridge,Smurthwaite,28,m,Fonte Boa da Brincosa
450,88916717,839441,Whit,Fulmen,23,m,Prévost
451,36667372,861749,Rafael,Birchner,19,m,Changchi
452,80495081,440357,Nissie,Georgeson,46,m,Hiji
453,96761185,224818,Goldi,Clingoe,38,m,Otavi
454,64611420,048145,Gale,Bearfoot,51,m,Pak Phanang
455,88402364,211852,Babette,Barajas,20,m,Karlshamn
456,16939575,628179,Wilmer,Vials,51,m,Okinawa
457,97581830,549984,Josefa,Splaven,52,m,Nizhnyaya Salda
458,36272438,987466,Faye,Gallahar,32,m,Bressuire
459,37531053,272465,Amby,Bazire,40,m,Shabel’skoye
460,10716922,673374,Cathe,Zamorano,50,m,Chantilly
461,70179558,213947,Auguste,Hebdon,40,m,Krajan
462,91634107,788355,Skippy,Blaskett,47,m,Lagnieu
463,45272692,295506,Mark,O'Geaney,24,m,Zaliznychne
464,36789894,518896,Rafaelia,Magner,42,m,Vila Nova de Santo André
465,30077516,883850,Nevsa,MacKimm,45,m,Velenje
466,41012652,461441,Di,Pinckney,28,m,Lusong
467,49439246,191297,Dwayne,Cowie,49,m,Huacachi
468,40726635,701724,Georas,McCaskill,56,m,Pang
469,77632393,494732,Sunny,Bromehead,48,m,Ilo
470,92534347,658887,Man,Petasch,50,m,Sanhui
471,41267977,002261,Ericka,O'Spellissey,19,m,Tungor
472,97414460,348705,Freeland,Sturch,42,m,Talagante
473,01759687,554735,Neron,Fonte,33,m,Vilémov
474,05856311,362007,Dorthy,Argente,25,m,Nakhon Phanom
475,31556857,171906,Tarrah,Kennicott,18,m,Denpasar
476,66904701,393036,Agatha,Gianasi,50,m,Nginjen
477,27511384,992136,Nickolaus,Boissier,56,m,Nizhnyaya Omka
478,74040678,590267,Sileas,Farrell,23,m,Amuru
479,31042139,314420,Myer,Janacek,46,m,Wuhao
480,87804339,805131,Payton,Windas,38,m,Richmond
481,58076770,129116,Selma,Dubber,54,m,Trieste
482,17683773,858731,Finley,Cottrell,47,m,Tongqiao
483,70347415,821120,Luelle,McConnachie,33,m,Le Havre
484,23196235,195852,Allard,Tenaunt,23,m,Rāmhormoz
485,94542776,255637,Eddy,Bernardotti,31,m,Chadian
486,29073871,879084,Wren,Tedman,49,m,Soissons
487,00683257,711202,Irene,McGuckin,44,m,Åkersberga
488,28496110,233079,Edythe,Vallow,33,m,Neyvo-Rudyanka
489,55297239,033354,Allys,Van Haeften,28,m,Shuyuan
490,16175598,151228,Kenneth,Seagar,40,m,Kotabaru
491,53687807,497993,Loella,Billany,36,m,Pasarbaru
492,69936136,928326,Arleyne,Askam,43,m,Naḥf
493,95146120,868481,Rogers,Risborough,42,m,Koilás
494,39873392,937273,Buffy,Crews,33,m,Tobol
495,64934880,321717,Farley,Canet,35,m,Saint-Dizier
496,67152480,307763,Jeralee,Donativo,49,m,Mahaplag
497,51552603,845389,Nikki,Leyre,22,m,Xingfu
498,25222648,207617,Celestyna,Rigby,23,m,Nahuo
499,02164169,128022,Harmony,Turbitt,27,m,Ala-Buka
500,75469561,910529,Nolly,Crutchley,42,m,Mont-Saint-Aignan
501,49276388,373617,Didi,Wollard,21,m,Trondheim
502,69116769,885977,Kimbell,Bhatia,32,m,Glugu
503,55170400,365868,Brande,Ashurst,40,m,Alaverdi
504,32314614,024046,Kristyn,Ablett,33,m,Picungbera
505,39000946,827717,Benny,Rasper,54,m,Ivanava
506,44638252,542874,Kean,Jossel,33,m,Chengtian
507,54858461,803123,Ikey,Chittim,58,m,Kayanza
508,87130388,765206,Parry,Tembridge,51,m,Vayk’
509,25663820,062004,Ethel,Carillo,33,m,Pakel
510,33693517,011205,Konstance,Evenden,49,m,Ningzhong
511,73810871,832420,Peggi,Killimister,41,m,Karanganyarkrajan
512,89151221,058828,Margit,Fransseni,59,m,Zhishan
513,74672311,972693,Lora,Haville,58,m,Achadinha
514,37244306,185027,Marti,Blesdill,23,m,Odienné
515,49039003,925735,Sergei,Skune,59,m,Akademicheskoe
516,93516596,620324,Ulla,Scamwell,60,m,Were
517,15380022,146265,Alla,Cardenoza,55,m,Pantin
518,09788459,356040,Almira,Rozsa,39,m,Andop
519,48256981,261263,Bertrando,Sime,34,m,Chvaletice
520,74849532,375001,Florencia,Tedorenko,24,m,Qingtaiping
521,69660961,063254,Bondon,Grinval,57,m,Portalegre
522,31935418,490964,Bibi,Melsom,44,m,Bagakay
523,64376651,732432,Kelly,Lagne,59,m,Araal
524,96580190,921431,Shaine,Jaram,42,m,Nirgua
525,71434535,288935,Reinold,Waldera,51,m,Shibīn al Kawm
526,62770794,657001,Valentine,Janczewski,47,m,Viloco
527,47242835,150709,Lesya,Knevett,27,m,Santa Rosa
528,01269301,507723,Chalmers,Swiffen,58,m,Benoni
529,62641961,649372,Estele,Mudd,61,m,Taznakht
530,53864952,824934,Ilysa,Hethron,31,m,Thākurgaon
531,18325652,028487,Alis,Zarfai,48,m,Taivalkoski
532,15568842,977125,Hube,Dullingham,42,m,Tārūt
533,59246424,266163,Pebrook,Bartholin,23,m,Thoen
534,84950869,170528,Sande,Redgate,54,m,Thanh Nê
535,27973713,207060,Leicester,Charity,30,m,Diang
536,93806671,411544,Merv,Feavyour,19,m,Urechcha
537,06245701,196266,Gene,Grinsted,29,m,Kakan
538,30062662,349765,Ross,Tothacot,54,m,Azaruja
539,59001316,277739,Land,Huncote,55,m,Tibro
540,75385307,672888,Worthington,Chester,40,m,Suwaru
541,80816879,204586,Mia,Farrants,41,m,Yongning
542,09819041,687707,Aymer,Okey,50,m,Donghe
543,09682019,535005,Windham,Yetts,47,m,Campina Grande
544,75889031,071601,Chrisy,Smeeton,44,m,Shimotoda
545,72417844,192811,Carter,Barabisch,19,m,Majāz al Bāb
546,33145122,445213,Ginelle,Eat,19,m,Shatalovo
547,63552431,861474,Ernaline,Simeone,54,m,Fenglin
548,83508709,555898,Zulema,Yablsley,62,m,Kalinovskoye
549,19884967,684372,Lissa,Walisiak,35,m,El Arañado
550,47982631,173581,Yulma,Last,57,m,Lohayong
551,57868265,998832,Drusie,Freestone,44,m,Westport
552,35132350,760924,Northrup,Willingham,35,m,Si Narong
553,27661380,061594,Joelly,Vowden,50,m,Pasaje
554,35019085,361881,Fanni,Ivanchenkov,49,m,Boca de Uchire
555,13357994,682697,Jennette,Tutt,38,m,Qizhen
556,37046112,076957,Lissie,Magne,44,m,Sungsang
557,86662277,323595,Cherrita,Killock,22,m,Las Carreras
558,03187694,700833,Cristobal,MacCulloch,55,m,Colcabamba
559,81049370,936830,Wren,Sollom,28,m,Zipárion
560,68670953,961812,Markos,Keyhoe,26,m,Doko
561,74378032,969653,Wilmer,Amies,56,m,Vitali
562,43615144,705455,Sandie,Bruford,36,m,Kaz
563,20077233,101912,Keely,Beeton,52,m,Kunčice pod Ondřejníkem
564,57183991,973417,Josy,Morkham,43,m,Cầu Giấy
565,79950409,721850,Nelle,Rolin,37,m,Elele
566,76422951,691422,Hussein,Templeman,24,m,Puutuga
567,99528287,004599,Leicester,Valentinuzzi,38,m,Rive-de-Gier
568,18664460,632967,Dill,Iacobacci,29,m,Lũng Hồ
569,25258026,072669,Theodora,Anyene,29,m,São Sebastião do Caí
570,90446270,354445,Wit,Josh,40,m,Nässjö
571,78356565,668403,Jackie,Siggee,31,m,La Cruz
572,15067113,248869,Tiertza,Bartalot,36,m,Káto Miliá
573,02506924,751847,Reed,Simmings,49,m,Carolina
574,49872781,811895,Emmey,Blofeld,36,m,Três Corações
575,34346883,762118,Diann,Christaeas,38,m,Nanfeng
576,51269445,422735,Ringo,Merrgan,20,m,Frei
577,75141594,391672,Brendan,Berends,59,m,Laoag
578,85891078,866703,Devy,Hambric,36,m,Rosario
579,98664407,908200,Beltran,MacDearmaid,62,m,Varakļāni
580,01201502,627070,Josi,Snibson,53,m,Lovran
581,51635591,455487,Bendix,Gregersen,62,m,Sioux City
582,13418091,674946,Ugo,Maiklem,45,m,Longjumeau
583,38205378,773625,Dar,Davidoff,22,m,Néa Tríglia
584,46267576,239979,Fara,De Mico,62,m,Dourbali
585,64028605,331577,Fairfax,Gheerhaert,43,m,Trzciana
586,88664564,152927,Meg,Stobbie,45,m,Mostovskoy
587,95075017,738004,Maurise,Burney,41,m,Nanggorak
588,55551660,528301,Nadia,Hatwells,55,m,Cisantri
589,28869763,309284,Klarrisa,Schruur,39,m,Jiufang
590,63138605,839011,Edgard,Oates,38,m,Washington
591,01979559,587346,Jo-ann,Giacobazzi,34,m,Brasília
592,72167196,552309,Arlin,Thominga,39,m,Huangjingba
593,97786342,184684,Wanids,Tuxsell,59,m,Swift Current
594,54019390,050614,Salomon,Haskew,38,m,Sutukoba
595,87482517,642172,Anatola,Wallington,18,m,Mojoagung
596,70591497,994791,Hank,Wrate,37,m,Santa Rosa
597,29521393,413132,Zara,Calliss,48,m,Hongjiang
598,42071451,477453,Pattin,Abrahmer,21,m,Dunkerque
599,22912355,969815,Yorke,Momery,32,m,Thị Trấn Ngải Giao
600,64118668,066277,Tuck,Reede,40,m,Ébolowa
601,31960681,295465,Lem,Dilleston,58,m,Owando
602,18505549,959703,Dyana,Eberlein,50,m,Shidong
603,17274016,902643,Lyn,Dominico,25,m,Calasgasan
604,08085830,464512,Dav,Gratrex,49,m,Pamplona/Iruña
605,43102310,432627,Lyndsey,Gormley,18,m,Markópoulo Oropoú
606,67988737,608273,Purcell,Rollingson,35,m,Uppsala
607,52480358,353675,Jerome,Towell,54,m,Keroak
608,64402780,788525,Kacey,Gartery,37,m,Jiaojie
609,73091644,544749,Nataniel,O'Sullivan,45,m,Lesozavodsk
610,59745151,164043,Wilbur,Bisacre,55,m,Jinzipai
611,12441227,185919,Giles,Klaiser,43,m,Tatsunochō-tominaga
612,71542281,684754,Ambrosius,Tysack,42,m,Qingban
613,59418153,003092,Tedman,Hendrick,19,m,Podedwórze
614,83476505,670778,Darsie,Berryann,19,m,Otllak
615,18283371,802195,Alissa,Hutt,57,m,Forestville
616,74581530,759664,Legra,Reely,33,m,Kokterek
617,04139748,660160,Onfre,Scotson,27,m,Oehaunu
618,61881510,176714,Auguste,Newlands,28,m,Goianésia
619,54282466,439941,Pattin,Witson,18,m,Albarraque
620,15367036,494264,Colan,Vaisey,31,m,Mengxi
621,37172005,200003,Andrus,Beauchop,60,m,Chvalšiny
622,72263099,180195,Nata,Dockreay,43,m,Xichang
623,81479881,317962,Kelsy,Stanlike,28,m,Lianran
624,02767309,850190,Rance,Sturrock,35,m,‘Arīshah
625,76756591,585694,Stuart,Gillmore,50,m,Buyuan
626,96526570,273453,Sumner,Scraggs,49,m,Bang Nam Priao
627,51969435,942844,Kenyon,Spick,32,m,San
628,56003764,396949,Yance,Reid,21,m,Shāhdādkot
629,15840034,075009,Ernestus,Ades,31,m,Čerčany
630,95829823,632274,Oneida,Livingstone,47,m,Topeka
631,06501166,934750,Merna,Schleswig-Holstein,21,m,Outeiro Seco
632,56945945,192023,Vitia,O'Callaghan,34,m,Reims
633,37128140,892368,Lynn,Jaye,61,m,Viljakkala
634,79740813,751487,Griff,Prickett,22,m,Taboc
635,94986065,408421,Iris,Currin,31,m,Obsza
636,64274342,421292,Bryana,Biesterfeld,37,m,Maras
637,32649031,046988,Othello,Leven,38,m,Zhigalovo
638,61762543,835131,Cecilio,Tomaschke,41,m,Biliri
639,89982170,933476,Blisse,MacCollom,29,m,Limoges
640,93667508,786830,Bryon,Lumsdall,25,m,Għaxaq
641,49873315,137702,Aldous,Aleksandrikin,56,m,Lady Grey
642,05397026,977482,Farris,Hradsky,37,m,Wugui
643,95356332,456277,Wheeler,Fowgies,40,m,Hal’shany
644,61770740,287363,Elke,Greenall,43,m,Sincé
645,45872976,526167,Catriona,Lidell,24,m,Laval
646,87752276,541460,Jourdain,McKevany,49,m,Agrela
647,09768819,405526,Abigale,Eisold,19,m,Drien Rampak
648,62424213,065932,Babb,Polendine,35,m,Trois-Rivières
649,13375829,101511,Herby,Veasey,46,m,Jingtailu
650,97096638,898387,Curcio,Ormerod,49,m,Cabcaben
651,36410444,307872,Camel,Dulanty,36,m,Silongin
652,56403102,388760,Romona,Yashin,44,m,Pszczyna
653,95940677,652492,Marna,Tander,36,m,Nunmanu
654,98059090,028815,Edna,Willingale,42,m,Penticton
655,45284362,541102,Barry,Christoffersen,22,m,Volgograd
656,20162406,792399,Darwin,Tomkiss,34,m,Idah
657,70580245,253191,Itch,Dwelley,61,m,Maiyema
658,09999346,070170,Alecia,Aberchirder,31,m,Carolina
659,08342711,101514,Mariejeanne,Glasman,34,m,Nanjie
660,34973541,791057,Candida,Almon,33,m,Hamburg
661,65365961,976124,Pincas,Mort,18,m,Saitama
662,93908100,627373,Rutter,Jellett,49,m,Champigny-sur-Marne
663,05000085,899184,Alameda,Rankine,36,m,Yunxi
664,48174939,751630,Joellen,Clampin,62,m,Lisewo Malborskie
665,65155088,671876,Austin,Jupp,47,m,Hartford
666,10654892,908971,Cornie,Sudron,43,m,Huating
667,97120113,917796,Kilian,Freeth,25,m,Příbram
668,40025569,132673,Florri,Node,56,m,Dūrā al Qar‘
669,01529769,085502,Renault,Cartledge,60,m,Krzyżanów
670,50764788,324566,Rosaleen,Chansonnau,55,m,Czarna Dąbrówka
671,62083344,980574,Del,Eates,34,m,Kasama
672,10307678,219992,Orelie,Puve,38,m,Stockholm
673,41822804,556501,Hyacinth,Garlicke,26,m,Cishan
674,29411031,685342,Camille,McGinnis,61,m,Corujeira
675,10213931,902499,Keelby,Derrington,50,m,Tangzang
676,93377234,984070,Tiffy,Philipart,41,m,Kadubincarung
677,58035461,730514,Minne,Fache,34,m,Dobri Dol
678,93961933,636176,Helaine,Skinn,59,m,Irapa
679,97906992,068763,Lowell,Whayman,35,m,Kuala Terengganu
680,88090564,260280,Laureen,Fidell,45,m,Bearna
681,30470349,469101,Lydon,Ewdale,18,m,Gumuk Tengah
682,76318228,086066,Charleen,Whitewood,27,m,Pira
683,94642794,299133,Teirtza,Pyrah,60,m,Panji
684,49687170,541757,Doralin,Haslock(e),38,m,Liangwa
685,43760589,455224,Marabel,Lintot,47,m,La Gacilly
686,79125623,436261,Rafaello,Mityakov,40,m,Cililitan
687,18528527,715289,Nadya,Amer,24,m,Granard
688,15062264,221705,Sammy,Webling,49,m,Umeå
689,60698642,276853,Corly,Simonian,46,m,Sainte-Marthe-sur-le-Lac
690,46737915,805550,Drona,Morforth,56,m,Pakxong
691,37398426,404270,Natal,Whatley,32,m,La Cruz
692,51833928,016244,Aidan,Shelmardine,31,m,Pengjia Zhaizi
693,84005208,334807,Padraic,Fairhead,41,m,Pueblo
694,35098305,223647,Idalia,Vanshin,28,m,Jīma
695,82132227,598023,Vivienne,Singyard,49,m,Loreto
696,52068114,817844,Ulrick,Yushin,24,m,Xingou
697,10580619,417078,Tom,Grebert,45,m,Lorient
698,68034713,820621,Roberto,Kitter,47,m,Takefu
699,68361298,730670,Donna,Deuss,40,m,Chimbas
700,29891746,954756,Carter,Roughan,42,m,Callahuanca
701,82928475,404599,Clary,Blissett,47,m,Yoichi
702,40232386,252610,Torey,Clelle,50,m,Tongquan
703,08713916,578540,Lorrin,Tremayle,51,m,Būrewāla
704,51481280,431410,Adolphus,Piner,59,m,Cigembong
705,28947278,112520,Sherline,Chaster,59,m,Daliang
706,71782911,309432,Phillie,Vaudin,40,m,Vilhelmina
707,82813002,985240,Linnea,Westfalen,45,m,Diébougou
708,19990669,644072,Carlina,Gudeman,44,m,Tabou
709,50135555,363337,Ottilie,Paule,34,m,Danidehe
710,19296972,754700,Angil,Trunby,44,m,Coxim
711,90184205,872271,Minor,Barthropp,43,m,Jataí
712,42855253,905981,Clo,Tidd,19,m,Gaozhuang
713,40729563,404872,Ewell,Evert,22,m,Pokrovo-Prigorodnoye
714,67978113,957062,Pen,Grosvener,59,m,Port-Vila
715,76564498,024700,Kennie,Merriday,47,m,El Cantón de San Pablo
716,83110180,976520,Kylen,Siss,60,m,Capatárida
717,26885829,591609,Kristine,Jakubowicz,22,m,Marcabamba
718,21165595,273371,Rex,Chambers,47,m,Huangtugang
719,95988260,575437,Susannah,Cometson,33,m,San Guillermo
720,72295783,809573,Pet,Laytham,18,m,Brangsi
721,29390154,821761,Jena,Wardington,32,m,Xiheshan
722,59036655,950847,Fawne,Alcalde,40,m,Ishii
723,46788941,612322,Letizia,Soldner,33,m,Aborlan
724,38823490,467722,Nancee,Duckham,47,m,Bar-le-Duc
725,80317903,554873,Sharlene,Volks,22,m,Erping
726,82735679,749961,Jereme,Rodway,19,m,Castlepollard
727,64991903,433622,Patrice,Burchess,58,m,Las Matas de Farfán
728,69489847,510584,Dory,Vasyutkin,33,m,Komenda
729,12167640,979043,Clarence,Grassett,20,m,Brodnica
730,22861658,593215,Zondra,Krzysztofiak,22,m,Magsalangi
731,33995429,441936,Artus,Boulton,18,m,Sapernoye
732,73998906,275862,Geoffry,Rump,47,m,Konispol
733,95717316,741857,Garrek,Scammonden,48,m,Ljutomer
734,25621961,675958,Burlie,Steketee,39,m,Jagistay
735,82072349,833880,Gregoor,FitzGibbon,62,m,Nagbacalan
736,51511239,748872,Alameda,Faier,43,m,Ribeirão Pires
737,04592038,152473,Allianora,Skipsey,22,m,Curuzú Cuatiá
738,63388670,824653,Herby,Harkes,46,m,Gotovlje
739,22218972,072809,Rowena,Klaffs,27,m,Yemva
740,09840632,689362,Grayce,Blondin,54,m,Haveliān
741,89065600,794182,Sheilakathryn,Ovanesian,49,m,Lévis
742,19232578,998786,Ellissa,Noell,24,m,Židlochovice
743,46482278,586667,Nicky,Vigneron,24,m,Donggu
744,06427012,281356,Shirlee,Camilletti,44,m,Hengli
745,34031362,180590,Diena,Edington,20,m,Xazgat
746,08069935,115692,Theodora,Gregorin,31,m,Bergen
747,63521109,935335,Rebe,Graine,55,m,Asan
748,13425801,333045,Ram,Start,56,m,Ciervo Petiso
749,27012969,161049,Emlyn,Gateland,53,m,Pancheng
750,52669162,270811,Matthiew,Churchward,33,m,Taraan
751,39877078,585689,Willie,Milbourne,39,m,Camaquã
752,61551319,608594,Britt,Larret,32,m,Vadstena
753,06293558,828526,Webster,Bunning,48,m,Esparza
754,88645363,095291,Odelle,Melledy,60,m,Chicago
755,60542425,129995,Kermy,Reast,56,m,Batas Barat
756,20322110,122499,Sandra,Volette,51,m,Jiaowei
757,29717717,461804,Jory,Bradnick,45,m,Ngulakan
758,86355650,337187,Lannie,Lubeck,52,m,Khujirt
759,14689446,200139,Shelli,Beacom,60,m,Punkaharju
760,61410735,352803,Rosetta,Allwell,23,m,Celje
761,99551083,519175,Obidiah,Guesford,38,m,Vryburg
762,98385715,518962,Inge,McVittie,23,m,Stockholm
763,19345704,331807,Cody,Faulder,57,m,Cigemlong
764,05302273,452031,Marnie,Bulfit,53,m,Burevestnik
765,05123846,444704,Ferdinande,Woolmer,29,m,Firmat
766,32914326,359824,Ingeborg,Ericsson,58,m,Guaduas
767,50521668,851813,Denna,Grodden,53,m,Sydney
768,30507669,536803,Crin,Penburton,32,m,Changning
769,92100514,302732,Mirilla,Willavoys,42,m,Tungoo
770,39880855,395229,Gradeigh,Littrik,42,m,Haputale
771,12060275,558640,Abbie,Moorton,40,m,Skellefteå
772,89705692,851091,Heidie,Skillitt,28,m,Hanyuan
773,03519308,535874,Silvia,Rudham,61,m,Vrangel’
774,13989284,108695,Lance,Wellbeloved,49,m,Solna
775,51743639,608205,Ollie,Perrins,43,m,Ḩadīdah
776,29507832,711569,Lorna,Awty,48,m,Kowala
777,39987612,172549,Emmi,Yewen,57,m,Datarsitu
778,24572649,853066,Monty,Bonnaire,49,m,Vom
779,70083794,265257,Lari,Ancell,43,m,Sohbatpur
780,45629861,815254,Ame,Morando,22,m,Lazaro Cardenas
781,66134779,474364,Nalani,Karpov,58,m,Kaliwates
782,87377060,871655,Jdavie,Jan,29,m,Dubiecko
783,82017785,193516,Pierrette,Dommett,25,m,Canutama
784,31377935,415628,Aurelie,Malarkey,57,m,Shangrao
785,96979048,954922,Anabella,Caccavari,20,m,Tougan
786,20830806,085750,Veradis,Barthelemy,40,m,Haozhai
787,76150073,466237,Conny,Volkers,37,m,Padang
788,37910847,498236,Jami,Grimsditch,22,m,Rawuk
789,39037973,319685,Cory,Ottiwill,59,m,Łapczyca
790,85805628,382935,Lucita,Logg,40,m,Lieksa
791,23398674,902007,Osborn,Blonfield,32,m,Lizhai
792,69710074,750664,Joanne,Ogles,49,m,Phu Phiang
793,30230786,961651,Kristien,Bradden,40,m,Paulista
794,93463234,524601,Eb,Kermeen,30,m,Buenavista
795,63399324,431225,Virge,Brane,62,m,Congas
796,85754495,019034,Graeme,Oby,48,m,Colorado Springs
797,61810027,358388,Jena,Cannon,45,m,Bima
798,08230935,866349,Tammie,Virgoe,24,m,Berat
799,66399740,756518,Jinny,Crady,19,m,Labuhanjambu
800,44594417,933594,Deina,Grzegorzewski,40,m,Senneterre
801,35067667,820743,Ephraim,Mechic,38,m,Sojo
802,37667413,195490,Fanchette,Collins,27,m,Barat
803,29573296,522344,Analise,Ranns,40,m,Vrakháti
804,66206921,511601,Lavinia,Drage,46,m,Muikamachi
805,94055796,105200,Alejandrina,Gini,53,m,Inírida
806,25482092,377842,Stavros,Lidyard,43,m,Žihle
807,27996180,612082,Teodora,Labroue,29,m,Alcoy
808,01621609,687447,Adrien,Ren,61,m,Zhangdu
809,99604903,277453,Mil,Simione,62,m,Trelleborg
810,47206034,818189,Rona,Halsworth,43,m,Dalupirip
811,55433504,938446,Isis,Leamy,27,m,Xiatuanpu
812,11075412,788293,Domenic,Reymers,57,m,Dawusu
813,04652233,070112,Felizio,O'Sherrin,53,m,Concepción
814,11900606,854902,Merle,Lefever,57,m,La Floresta
815,46424629,289277,Sumner,Benz,58,m,Sasebo
816,21072180,645747,Anthiathia,Luciani,31,m,Sarāvān
817,79090037,882209,Chariot,O'Cannovane,50,m,Fier-Çifçi
818,92625191,316723,Wilbert,Twiggs,49,m,Bolobo
819,19007348,172905,Niels,Cantor,57,m,San Antonio
820,76454595,525117,Philippine,Pooley,41,m,Chengyang
821,71273264,695450,Mandie,Begbie,60,m,Karanganyar
822,75426656,016203,Idette,Efford,19,m,Ariz
823,12539788,045376,Arvie,Biggs,20,m,Baraguá
824,48381994,339431,Mireielle,Gomer,38,m,Catania
825,86862557,520500,Verina,Janaud,59,m,Santa Rosa del Sara
826,23853100,088696,Kirsti,Stendell,33,m,Xindian
827,53933597,325734,Aurthur,Grady,41,m,Borovikha
828,84519749,733772,Juanita,Gadie,62,m,Billdal
829,44639622,494783,Rik,Tremellan,51,m,Duluth
830,11637731,849960,Katrina,Tyas,54,m,Pinggan
831,30828390,568078,Alex,Lippo,54,m,Sanyi
832,75693312,057807,Galen,Cominetti,62,m,Blimbing
833,25540210,137194,Clywd,Pauls,38,m,Puerto Quellón
834,03302581,800126,Kiley,Pattison,49,m,Pianling
835,71526545,705115,Finlay,Shergold,21,m,Manila
836,88327335,105905,Lennie,Pheasey,27,m,Pingxi
837,74201396,125915,Parker,Kneel,52,m,Waerana
838,14944153,466872,Trula,Blunsom,48,m,Columbus
839,25947925,904407,Bary,Groomebridge,32,m,Louredo
840,03593011,066962,Daniel,Wearn,40,m,Kavajë
841,95206108,076022,Allistir,Giaomozzo,22,m,Sapphaya
842,79969870,418103,Lisetta,Stille,36,m,Kadupinang
843,48831168,362202,Louisette,Klaessen,44,m,Żoliborz
844,71032253,445464,Winona,Aldwich,62,m,Liuji
845,94475017,534390,Hart,Pescud,58,m,Manjing
846,68846573,919241,Vida,Skews,49,m,Grootfontein
847,87676142,107849,Roda,Malia,38,m,Yukou
848,17987685,029008,Caleb,Beadnell,34,m,Góra Kalwaria
849,57286478,622805,Richy,Ends,30,m,Puyan
850,83324642,983593,Mal,Ponnsett,38,m,Ishikari
851,42529720,417564,Marin,Attenborrow,60,m,Montego Bay
852,43723935,092087,Washington,Hallawell,33,m,Bęczarka
853,46846000,350139,Shaine,Annatt,53,m,Pucallpa
854,80427920,122312,Trula,Sybry,40,m,Końskowola
855,60720400,506981,Gerladina,Anear,36,m,Mino
856,04990279,679421,Ron,Grundwater,39,m,Ticaco
857,77274561,261274,Roanne,Maryman,58,m,Ognevka
858,33847488,507732,Jacques,Nicholas,29,m,Nariño
859,12746068,993090,Scottie,Grzegorczyk,62,m,Huazhou
860,19686019,064562,Mayne,Ovington,47,m,Bozoum
861,89862724,437499,Gareth,Hopkynson,26,m,Hino
862,70236640,927186,Lotty,Hunnicot,56,m,Jiusi
863,83867469,071401,Myrtia,Alessandretti,61,m,Saubara
864,56694444,571362,Kilian,Rae,53,m,Shiyuan
865,32762439,646966,Zacharia,Aronoff,23,m,Shimonoseki
866,60400275,512353,Merwyn,Chaudron,31,m,Bègles
867,21899763,044790,Sax,Lerner,26,m,Zaindainxoi
868,10277835,911062,Bartel,Massimi,39,m,Nanao
869,27137151,956011,Kalinda,Howford,22,m,Carrascal
870,32374385,146956,Olva,Scorton,41,m,Onomichi
871,53946313,901601,Donavon,Saunper,36,m,Beiyuan
872,13829260,636465,Kylie,Yeskin,24,m,Qulsary
873,86283349,834189,Mead,Rantoull,30,m,Quimilí
874,69443946,392077,Arron,McElwee,36,m,Sahavato
875,15573592,278494,Papageno,Seabourne,55,m,Tibigan
876,08032908,526284,Yehudit,Weich,48,m,Skellefteå
877,97794038,532477,Esmeralda,Cowsby,23,m,Grimstad
878,89845793,535959,Farrah,Gravenor,39,m,Lukhovka
879,24580864,975622,Kenny,Franzotto,51,m,Batangtoru
880,53772337,490226,Brocky,Temperley,47,m,Huancheng
881,89816227,968362,Clemmie,Mason,39,m,Shagonar
882,09170139,542544,Belinda,Campanelle,21,m,Banho e Carvalhosa
883,61711601,202486,Andree,Wilkes,18,m,Chartres
884,92811231,058070,Denney,Verriour,33,m,Tasikona
885,30776033,363130,Domini,Van der Velden,24,m,Mamponteng
886,51316606,499555,Merwin,Mager,18,m,Peresvet
887,08008415,141585,Tye,Close,18,m,Mūsá Qal‘ah
888,17670076,257038,Allayne,Paulucci,55,m,Evansville
889,04053247,612207,Clovis,Blakely,58,m,Qalqīlyah
890,05677904,773981,Garvy,Hort,26,m,Pantaihambawang
891,75894138,972859,Jorie,Luckham,28,m,Banjar Bau Kawan
892,66395489,378250,George,Thrower,26,m,Shaoguan
893,34165697,947423,Winna,Blampy,47,m,Cañas
894,73229357,201373,Xylina,von Grollmann,52,m,Comalapa
895,46255175,129732,Danya,Wisby,62,m,Tulihe
896,94668947,020003,Bonnee,Tupman,25,m,Muro
897,59882240,405008,Spike,Gostridge,19,m,Loma Bonita
898,79487541,689469,Linell,MacCaughey,27,m,Atalaia
899,89081681,305368,Nikola,Robic,37,m,Lanxi
900,60019111,359743,Taber,Anersen,41,m,Suruhwadang
901,74011109,253890,Rosy,Chawkley,39,m,Guisijan
902,55372119,348728,Arther,Flisher,38,m,Altkirch
903,27299719,267096,Wyatan,Tipler,25,m,Ubatã
904,04025079,433750,Dorothee,Vasiliu,41,m,Albania
905,90038391,787839,Myrta,Trengove,45,m,Granada
906,75043426,921778,Samantha,Morbey,48,m,Guaíba
907,53617252,606063,Fedora,Alban,50,m,Japeri
908,76494462,598879,Forest,Mummery,44,m,Las Palmas
909,20105385,428875,Katine,Whiteside,52,m,Washington
910,05580000,911562,Kerry,Reay,24,m,Marseille
911,47479143,185643,Averil,Carn,49,m,Konggar
912,33911316,284253,Caria,Dohrmann,54,m,Mugango
913,58238654,907101,Vincenz,Hirsthouse,57,m,Minas
914,71831342,403979,Wells,Guiel,33,m,Baliton
915,67688090,269217,Christie,Lowles,24,m,Alajuela
916,35160535,924790,Bancroft,Pitsall,36,m,Xiji
917,61954911,312039,Kendell,Askwith,43,m,Papineauville
918,38625827,268015,Charmian,Butner,49,m,Tilburg
919,84698467,859682,Annette,Lyons,53,m,Malczyce
920,95013682,722938,Benny,Cranham,47,m,Cao Thượng
921,94969735,766900,Olympie,Furzey,45,m,Dairiti
922,54020447,242687,Kial,Senn,51,m,Jiucaizhuang
923,31827313,371676,Lilian,Kubasiewicz,53,m,Coronel Martínez
924,97310906,882214,Gerri,Entwhistle,40,m,Hengqiao
925,16545547,124931,Leonore,Peffer,40,m,Laval
926,32670170,689489,Shelby,Dearn,46,m,Taoyuan
927,17761744,106313,Isabeau,Athowe,51,m,Asan
928,21958109,816895,Emery,MacGovern,48,m,Tatsunochō-tominaga
929,85908395,714694,Malinde,Helwig,29,m,Sanxing
930,96088736,619162,Filide,Widdocks,54,m,Várzeas
931,85279842,726333,Celine,Cowherd,41,m,Zvëzdnyy
932,21445463,318015,Thorstein,Eglinton,49,m,Umuarama
933,42914061,521291,Astrid,Casbolt,25,m,Al Qarmadah
934,81312332,936980,Kayley,Rawood,29,m,Sokolac
935,76563378,342509,Patrice,Tremaine,27,m,Yamada
936,52445893,279327,Christine,O'Suaird,56,m,Qinghua
937,10076531,517384,Brandise,Dowrey,41,m,Lebak
938,99824006,443171,Fiann,Antoniou,29,m,Chiang Yuen
939,88460902,520281,Johnathan,McPeck,35,m,Tingzhou
940,06275915,754047,Eldridge,Stelljes,34,m,Bologna
941,57000807,494323,Kay,Pacey,22,m,‘Amd
942,75721524,132470,Rolando,Cabena,48,m,Songon
943,77114940,576945,Elfreda,Peet,60,m,Yinchuan
944,66771255,683851,Carlota,Marshman,43,m,Smolyan
945,40201740,574747,Leodora,Baythrop,35,m,Albert Town
946,21120868,556869,Howey,Holsall,28,m,Libas
947,08429785,960560,Nell,Lakin,49,m,Keumala
948,77776324,784171,Zoe,Pikesley,20,m,Ganja
949,00190201,359640,Harvey,Cuffe,26,m,Xingang
950,53025508,104815,Goldie,Taveriner,45,m,Qīrah
951,93499152,471042,Rochelle,Passey,60,m,Guangfu
952,62687470,917329,Annette,Bamforth,53,m,Kigoma
953,08443057,650628,Penelope,Pickering,44,m,Sioux Falls
954,92941056,371161,Eda,Curuclis,19,m,Yangzi
955,68585604,570358,Bo,Purbrick,47,m,Svenljunga
956,83682543,998696,Caitlin,Gilgryst,43,m,Akoupé
957,80710715,994272,Garvy,Crew,20,m,Nonsan
958,62786572,375400,Carmine,Pavlovsky,23,m,Dapdapan
959,36283141,204105,Michal,McKnish,53,m,Jaguimitan
960,63282726,387029,Merrel,Limb,32,m,Chattanooga
961,30708593,256895,Dasie,Teeney,54,m,Francisco I Madero
962,90822578,033843,Avrit,Schultz,31,m,Phù Cát
963,20224350,595653,Artair,Calderhead,57,m,Wongaya Kaja
964,75075577,091360,Salomone,Kippax,52,m,Arosbaya
965,76542892,724425,Ainsley,Quantrill,20,m,Benavila
966,80820447,815402,Gertruda,Ledwith,53,m,Malabag
967,49682312,387839,Emmet,Van Der Weedenburg,30,m,Zheleznogorsk
968,75234032,050519,Corey,Tockell,28,m,Kedungbulu
969,50820045,055907,Greer,Wark,20,m,Smiřice
970,26642171,850050,Camille,Snodden,52,m,Bangus Kulon
971,52739000,660154,Junina,Zotto,42,m,Lwówek Śląski
972,43802803,390907,Neel,Davidoff,54,m,Wangjiaping
973,87934302,204929,Betteanne,Janouch,45,m,Barajalan
974,71561394,528526,Heinrik,Johncey,30,m,Huakoulongtan
975,90089537,743602,Gus,Leask,26,m,Victoria Falls
976,08733853,993591,Vivia,Speaks,54,m,Kōnan
977,15838948,232377,Zia,Cosin,49,m,Đạ Tẻh
978,86301065,093924,Edouard,Fawcitt,38,m,Niš
979,46358260,558912,Willi,La Torre,36,m,Okazaki
980,43399456,542134,George,Vasichev,50,m,Yurkivka
981,96683955,440443,Jordon,Orr,28,m,Floresta
982,11870868,685496,Prince,Pinkstone,28,m,Haifa
983,26043240,661597,Beret,Fessier,62,m,Järna
984,76538091,169827,Ericka,McCarly,49,m,Sinamar
985,23045333,831273,Simon,Loody,36,m,Registro
986,23591321,787899,Lemmy,Raft,35,m,Quimbaya
987,54094358,126252,Dolorita,Murtagh,18,m,Wucheng
988,43227792,057545,Elliot,Glave,55,m,Penanggal
989,52064194,349215,Roy,Fifoot,57,m,Korostyshiv
990,92734976,517838,Vannie,Moyles,62,m,Grecheskoye
991,77234238,254074,Arther,Hutcheon,45,m,Haizhouwobao
992,71702238,789783,Lucian,Hiddsley,24,m,Nice
993,22835501,946001,Clyve,Neenan,46,m,La Joya
994,29481251,083444,Clara,Dugmore,26,m,Xinji
995,90316557,606452,Hakim,Very,43,m,Aija
996,58649284,573354,Johnette,Pranger,25,m,Sukorejo
997,98767878,314076,Parker,Greenacre,46,m,Tayirove
998,33355207,436676,Jo ann,Foxton,33,m,Bol’shoy Kamen’
999,56618707,254388,Mirelle,Paolone,36,m,Metu
1000,58161921,057471,Sheri,Plowell,52,m,Tejar
